room_id,check_in,check_out,room_name,room_plan,price
4e33e91489ad7ad5bfbe9607c9b5eea8,3/29/2025,3/30/2025,Deluxe Room Non View,EP,3420
4e33e91489ad7ad5bfbe9607c9b5eea8,3/29/2025,3/30/2025,Deluxe Room Non View,CP,3420
4e33e91489ad7ad5bfbe9607c9b5eea8,3/29/2025,3/30/2025,Deluxe Room Non View,CP,4883
6bd4c1fad5f0fda81f452b01e61a1a36,3/29/2025,3/30/2025,Super Deluxe Room With Balcony,EP,4636
6bd4c1fad5f0fda81f452b01e61a1a36,3/29/2025,3/30/2025,Super Deluxe Room With Balcony,CP,4636
6bd4c1fad5f0fda81f452b01e61a1a36,3/29/2025,3/30/2025,Super Deluxe Room With Balcony,CP,6099
5a9d8ba7ee6769e3aec572c063da3d29,3/30/2025,3/31/2025,Standard Room Non View,EP,3420
5a9d8ba7ee6769e3aec572c063da3d29,3/30/2025,3/31/2025,Standard Room Non View,CP,3420
5a9d8ba7ee6769e3aec572c063da3d29,3/30/2025,3/31/2025,Standard Room Non View,CP,4883
4e33e91489ad7ad5bfbe9607c9b5eea8,3/30/2025,3/31/2025,Deluxe Room Non View,EP,3420
4e33e91489ad7ad5bfbe9607c9b5eea8,3/30/2025,3/31/2025,Deluxe Room Non View,CP,3420
4e33e91489ad7ad5bfbe9607c9b5eea8,3/30/2025,3/31/2025,Deluxe Room Non View,CP,4883
5a9d8ba7ee6769e3aec572c063da3d29,3/31/2025,4/1/2025,Standard Room Non View,EP,3420
5a9d8ba7ee6769e3aec572c063da3d29,3/31/2025,4/1/2025,Standard Room Non View,CP,3420
5a9d8ba7ee6769e3aec572c063da3d29,3/31/2025,4/1/2025,Standard Room Non View,CP,4883
4e33e91489ad7ad5bfbe9607c9b5eea8,3/31/2025,4/1/2025,Deluxe Room Non View,EP,3420
4e33e91489ad7ad5bfbe9607c9b5eea8,3/31/2025,4/1/2025,Deluxe Room Non View,CP,3420
4e33e91489ad7ad5bfbe9607c9b5eea8,3/31/2025,4/1/2025,Deluxe Room Non View,CP,4883
6bd4c1fad5f0fda81f452b01e61a1a36,3/31/2025,4/1/2025,Super Deluxe Room With Balcony,EP,4636
6bd4c1fad5f0fda81f452b01e61a1a36,3/31/2025,4/1/2025,Super Deluxe Room With Balcony,CP,4636
6bd4c1fad5f0fda81f452b01e61a1a36,3/31/2025,4/1/2025,Super Deluxe Room With Balcony,CP,6099
4e33e91489ad7ad5bfbe9607c9b5eea8,4/1/2025,4/2/2025,Deluxe Room Non View,EP,3420
4e33e91489ad7ad5bfbe9607c9b5eea8,4/1/2025,4/2/2025,Deluxe Room Non View,CP,3420
4e33e91489ad7ad5bfbe9607c9b5eea8,4/1/2025,4/2/2025,Deluxe Room Non View,CP,4883
6bd4c1fad5f0fda81f452b01e61a1a36,4/1/2025,4/2/2025,Super Deluxe Room With Balcony,EP,4636
6bd4c1fad5f0fda81f452b01e61a1a36,4/1/2025,4/2/2025,Super Deluxe Room With Balcony,CP,4636
6bd4c1fad5f0fda81f452b01e61a1a36,4/1/2025,4/2/2025,Super Deluxe Room With Balcony,CP,6099
6bd4c1fad5f0fda81f452b01e61a1a36,4/2/2025,4/3/2025,Super Deluxe Room With Balcony,EP,4636
6bd4c1fad5f0fda81f452b01e61a1a36,4/2/2025,4/3/2025,Super Deluxe Room With Balcony,CP,4636
6bd4c1fad5f0fda81f452b01e61a1a36,4/2/2025,4/3/2025,Super Deluxe Room With Balcony,CP,6099
6bd4c1fad5f0fda81f452b01e61a1a36,4/3/2025,4/4/2025,Super Deluxe Room With Balcony,EP,4636
6bd4c1fad5f0fda81f452b01e61a1a36,4/3/2025,4/4/2025,Super Deluxe Room With Balcony,CP,4636
6bd4c1fad5f0fda81f452b01e61a1a36,4/3/2025,4/4/2025,Super Deluxe Room With Balcony,CP,6099
5a9d8ba7ee6769e3aec572c063da3d29,4/4/2025,4/5/2025,Standard Room Non View,EP,3420
5a9d8ba7ee6769e3aec572c063da3d29,4/4/2025,4/5/2025,Standard Room Non View,CP,3420
5a9d8ba7ee6769e3aec572c063da3d29,4/4/2025,4/5/2025,Standard Room Non View,CP,4883
6bd4c1fad5f0fda81f452b01e61a1a36,4/4/2025,4/5/2025,Super Deluxe Room With Balcony,EP,4636
6bd4c1fad5f0fda81f452b01e61a1a36,4/4/2025,4/5/2025,Super Deluxe Room With Balcony,CP,4636
6bd4c1fad5f0fda81f452b01e61a1a36,4/4/2025,4/5/2025,Super Deluxe Room With Balcony,CP,6099
4e33e91489ad7ad5bfbe9607c9b5eea8,4/5/2025,4/6/2025,Deluxe Room Non View,EP,3420
4e33e91489ad7ad5bfbe9607c9b5eea8,4/5/2025,4/6/2025,Deluxe Room Non View,CP,3420
4e33e91489ad7ad5bfbe9607c9b5eea8,4/5/2025,4/6/2025,Deluxe Room Non View,CP,4883
6bd4c1fad5f0fda81f452b01e61a1a36,4/5/2025,4/6/2025,Super Deluxe Room With Balcony,EP,4636
6bd4c1fad5f0fda81f452b01e61a1a36,4/5/2025,4/6/2025,Super Deluxe Room With Balcony,CP,4636
6bd4c1fad5f0fda81f452b01e61a1a36,4/5/2025,4/6/2025,Super Deluxe Room With Balcony,CP,6099
6bd4c1fad5f0fda81f452b01e61a1a36,4/6/2025,4/7/2025,Super Deluxe Room With Balcony,EP,4636
6bd4c1fad5f0fda81f452b01e61a1a36,4/6/2025,4/7/2025,Super Deluxe Room With Balcony,CP,4636
6bd4c1fad5f0fda81f452b01e61a1a36,4/6/2025,4/7/2025,Super Deluxe Room With Balcony,CP,6099
6bd4c1fad5f0fda81f452b01e61a1a36,4/7/2025,4/8/2025,Super Deluxe Room With Balcony,EP,4636
6bd4c1fad5f0fda81f452b01e61a1a36,4/7/2025,4/8/2025,Super Deluxe Room With Balcony,CP,4636
6bd4c1fad5f0fda81f452b01e61a1a36,4/7/2025,4/8/2025,Super Deluxe Room With Balcony,CP,6099
4e33e91489ad7ad5bfbe9607c9b5eea8,4/8/2025,4/9/2025,Deluxe Room Non View,EP,3420
4e33e91489ad7ad5bfbe9607c9b5eea8,4/8/2025,4/9/2025,Deluxe Room Non View,CP,3420
4e33e91489ad7ad5bfbe9607c9b5eea8,4/8/2025,4/9/2025,Deluxe Room Non View,CP,4883
6bd4c1fad5f0fda81f452b01e61a1a36,4/8/2025,4/9/2025,Super Deluxe Room With Balcony,EP,4636
6bd4c1fad5f0fda81f452b01e61a1a36,4/8/2025,4/9/2025,Super Deluxe Room With Balcony,CP,4636
6bd4c1fad5f0fda81f452b01e61a1a36,4/8/2025,4/9/2025,Super Deluxe Room With Balcony,CP,6099
4e33e91489ad7ad5bfbe9607c9b5eea8,4/9/2025,4/10/2025,Deluxe Room Non View,EP,3420
4e33e91489ad7ad5bfbe9607c9b5eea8,4/9/2025,4/10/2025,Deluxe Room Non View,CP,3420
4e33e91489ad7ad5bfbe9607c9b5eea8,4/9/2025,4/10/2025,Deluxe Room Non View,CP,4883
5a9d8ba7ee6769e3aec572c063da3d29,4/10/2025,4/11/2025,Standard Room Non View,EP,3420
5a9d8ba7ee6769e3aec572c063da3d29,4/10/2025,4/11/2025,Standard Room Non View,CP,3420
5a9d8ba7ee6769e3aec572c063da3d29,4/10/2025,4/11/2025,Standard Room Non View,CP,4883
4e33e91489ad7ad5bfbe9607c9b5eea8,4/10/2025,4/11/2025,Deluxe Room Non View,EP,3420
4e33e91489ad7ad5bfbe9607c9b5eea8,4/10/2025,4/11/2025,Deluxe Room Non View,CP,3420
4e33e91489ad7ad5bfbe9607c9b5eea8,4/10/2025,4/11/2025,Deluxe Room Non View,CP,4883
6bd4c1fad5f0fda81f452b01e61a1a36,4/10/2025,4/11/2025,Super Deluxe Room With Balcony,EP,4636
6bd4c1fad5f0fda81f452b01e61a1a36,4/10/2025,4/11/2025,Super Deluxe Room With Balcony,CP,4636
6bd4c1fad5f0fda81f452b01e61a1a36,4/10/2025,4/11/2025,Super Deluxe Room With Balcony,CP,6099
4e33e91489ad7ad5bfbe9607c9b5eea8,4/11/2025,4/12/2025,Deluxe Room Non View,EP,3420
4e33e91489ad7ad5bfbe9607c9b5eea8,4/11/2025,4/12/2025,Deluxe Room Non View,CP,3420
4e33e91489ad7ad5bfbe9607c9b5eea8,4/11/2025,4/12/2025,Deluxe Room Non View,CP,4883
6bd4c1fad5f0fda81f452b01e61a1a36,4/11/2025,4/12/2025,Super Deluxe Room With Balcony,EP,4636
6bd4c1fad5f0fda81f452b01e61a1a36,4/11/2025,4/12/2025,Super Deluxe Room With Balcony,CP,4636
6bd4c1fad5f0fda81f452b01e61a1a36,4/11/2025,4/12/2025,Super Deluxe Room With Balcony,CP,6099
4e33e91489ad7ad5bfbe9607c9b5eea8,4/12/2025,4/13/2025,Deluxe Room Non View,EP,3420
4e33e91489ad7ad5bfbe9607c9b5eea8,4/12/2025,4/13/2025,Deluxe Room Non View,CP,3420
4e33e91489ad7ad5bfbe9607c9b5eea8,4/12/2025,4/13/2025,Deluxe Room Non View,CP,4883
6bd4c1fad5f0fda81f452b01e61a1a36,4/12/2025,4/13/2025,Super Deluxe Room With Balcony,EP,4636
6bd4c1fad5f0fda81f452b01e61a1a36,4/12/2025,4/13/2025,Super Deluxe Room With Balcony,CP,4636
6bd4c1fad5f0fda81f452b01e61a1a36,4/12/2025,4/13/2025,Super Deluxe Room With Balcony,CP,6099
4e33e91489ad7ad5bfbe9607c9b5eea8,4/13/2025,4/14/2025,Deluxe Room Non View,EP,3420
4e33e91489ad7ad5bfbe9607c9b5eea8,4/13/2025,4/14/2025,Deluxe Room Non View,CP,3420
4e33e91489ad7ad5bfbe9607c9b5eea8,4/13/2025,4/14/2025,Deluxe Room Non View,CP,4883
6bd4c1fad5f0fda81f452b01e61a1a36,4/13/2025,4/14/2025,Super Deluxe Room With Balcony,EP,4636
6bd4c1fad5f0fda81f452b01e61a1a36,4/13/2025,4/14/2025,Super Deluxe Room With Balcony,CP,4636
6bd4c1fad5f0fda81f452b01e61a1a36,4/13/2025,4/14/2025,Super Deluxe Room With Balcony,CP,6099
4e33e91489ad7ad5bfbe9607c9b5eea8,4/14/2025,4/15/2025,Deluxe Room Non View,EP,3420
4e33e91489ad7ad5bfbe9607c9b5eea8,4/14/2025,4/15/2025,Deluxe Room Non View,CP,3420
4e33e91489ad7ad5bfbe9607c9b5eea8,4/14/2025,4/15/2025,Deluxe Room Non View,CP,4883
6bd4c1fad5f0fda81f452b01e61a1a36,4/14/2025,4/15/2025,Super Deluxe Room With Balcony,EP,4636
6bd4c1fad5f0fda81f452b01e61a1a36,4/14/2025,4/15/2025,Super Deluxe Room With Balcony,CP,4636
6bd4c1fad5f0fda81f452b01e61a1a36,4/14/2025,4/15/2025,Super Deluxe Room With Balcony,CP,6099
6bd4c1fad5f0fda81f452b01e61a1a36,4/15/2025,4/16/2025,Super Deluxe Room With Balcony,EP,4636
6bd4c1fad5f0fda81f452b01e61a1a36,4/15/2025,4/16/2025,Super Deluxe Room With Balcony,CP,4636
6bd4c1fad5f0fda81f452b01e61a1a36,4/15/2025,4/16/2025,Super Deluxe Room With Balcony,CP,6099
6bd4c1fad5f0fda81f452b01e61a1a36,4/16/2025,4/17/2025,Super Deluxe Room With Balcony,EP,4636
6bd4c1fad5f0fda81f452b01e61a1a36,4/16/2025,4/17/2025,Super Deluxe Room With Balcony,CP,4636
6bd4c1fad5f0fda81f452b01e61a1a36,4/16/2025,4/17/2025,Super Deluxe Room With Balcony,CP,6099
5a9d8ba7ee6769e3aec572c063da3d29,4/17/2025,4/18/2025,Standard Room Non View,EP,4398
5a9d8ba7ee6769e3aec572c063da3d29,4/17/2025,4/18/2025,Standard Room Non View,CP,4398
5a9d8ba7ee6769e3aec572c063da3d29,4/17/2025,4/18/2025,Standard Room Non View,CP,5861
4e33e91489ad7ad5bfbe9607c9b5eea8,4/17/2025,4/18/2025,Deluxe Room Non View,EP,4398
4e33e91489ad7ad5bfbe9607c9b5eea8,4/17/2025,4/18/2025,Deluxe Room Non View,CP,4398
4e33e91489ad7ad5bfbe9607c9b5eea8,4/17/2025,4/18/2025,Deluxe Room Non View,CP,5861
6bd4c1fad5f0fda81f452b01e61a1a36,4/17/2025,4/18/2025,Super Deluxe Room With Balcony,EP,5614
6bd4c1fad5f0fda81f452b01e61a1a36,4/17/2025,4/18/2025,Super Deluxe Room With Balcony,CP,5614
6bd4c1fad5f0fda81f452b01e61a1a36,4/17/2025,4/18/2025,Super Deluxe Room With Balcony,CP,7077
5a9d8ba7ee6769e3aec572c063da3d29,4/18/2025,4/19/2025,Standard Room Non View,EP,5367
5a9d8ba7ee6769e3aec572c063da3d29,4/18/2025,4/19/2025,Standard Room Non View,CP,5367
5a9d8ba7ee6769e3aec572c063da3d29,4/18/2025,4/19/2025,Standard Room Non View,CP,6830
4e33e91489ad7ad5bfbe9607c9b5eea8,4/18/2025,4/19/2025,Deluxe Room Non View,EP,5367
4e33e91489ad7ad5bfbe9607c9b5eea8,4/18/2025,4/19/2025,Deluxe Room Non View,CP,5367
4e33e91489ad7ad5bfbe9607c9b5eea8,4/18/2025,4/19/2025,Deluxe Room Non View,CP,6830
6bd4c1fad5f0fda81f452b01e61a1a36,4/19/2025,4/20/2025,Super Deluxe Room With Balcony,EP,6593
6bd4c1fad5f0fda81f452b01e61a1a36,4/19/2025,4/20/2025,Super Deluxe Room With Balcony,CP,6593
6bd4c1fad5f0fda81f452b01e61a1a36,4/19/2025,4/20/2025,Super Deluxe Room With Balcony,CP,8056
6bd4c1fad5f0fda81f452b01e61a1a36,4/20/2025,4/21/2025,Super Deluxe Room With Balcony,EP,4636
6bd4c1fad5f0fda81f452b01e61a1a36,4/20/2025,4/21/2025,Super Deluxe Room With Balcony,CP,4636
6bd4c1fad5f0fda81f452b01e61a1a36,4/20/2025,4/21/2025,Super Deluxe Room With Balcony,CP,6099
4e33e91489ad7ad5bfbe9607c9b5eea8,4/21/2025,4/22/2025,Deluxe Room Non View,EP,3420
4e33e91489ad7ad5bfbe9607c9b5eea8,4/21/2025,4/22/2025,Deluxe Room Non View,CP,3420
4e33e91489ad7ad5bfbe9607c9b5eea8,4/21/2025,4/22/2025,Deluxe Room Non View,CP,4883
6bd4c1fad5f0fda81f452b01e61a1a36,4/23/2025,4/24/2025,Super Deluxe Room With Balcony,EP,4636
6bd4c1fad5f0fda81f452b01e61a1a36,4/23/2025,4/24/2025,Super Deluxe Room With Balcony,CP,4636
6bd4c1fad5f0fda81f452b01e61a1a36,4/23/2025,4/24/2025,Super Deluxe Room With Balcony,CP,6099
6bd4c1fad5f0fda81f452b01e61a1a36,4/24/2025,4/25/2025,Super Deluxe Room With Balcony,EP,4636
6bd4c1fad5f0fda81f452b01e61a1a36,4/24/2025,4/25/2025,Super Deluxe Room With Balcony,CP,4636
6bd4c1fad5f0fda81f452b01e61a1a36,4/24/2025,4/25/2025,Super Deluxe Room With Balcony,CP,6099
6bd4c1fad5f0fda81f452b01e61a1a36,4/25/2025,4/26/2025,Super Deluxe Room With Balcony,EP,5614
6bd4c1fad5f0fda81f452b01e61a1a36,4/25/2025,4/26/2025,Super Deluxe Room With Balcony,CP,5614
6bd4c1fad5f0fda81f452b01e61a1a36,4/25/2025,4/26/2025,Super Deluxe Room With Balcony,CP,7077
6bd4c1fad5f0fda81f452b01e61a1a36,4/26/2025,4/27/2025,Super Deluxe Room With Balcony,EP,5614
6bd4c1fad5f0fda81f452b01e61a1a36,4/26/2025,4/27/2025,Super Deluxe Room With Balcony,CP,5614
6bd4c1fad5f0fda81f452b01e61a1a36,4/26/2025,4/27/2025,Super Deluxe Room With Balcony,CP,7077
5a9d8ba7ee6769e3aec572c063da3d29,4/27/2025,4/28/2025,Standard Room Non View,EP,4398
5a9d8ba7ee6769e3aec572c063da3d29,4/27/2025,4/28/2025,Standard Room Non View,CP,4398
5a9d8ba7ee6769e3aec572c063da3d29,4/27/2025,4/28/2025,Standard Room Non View,CP,5861
6bd4c1fad5f0fda81f452b01e61a1a36,4/27/2025,4/28/2025,Super Deluxe Room With Balcony,EP,5614
6bd4c1fad5f0fda81f452b01e61a1a36,4/27/2025,4/28/2025,Super Deluxe Room With Balcony,CP,5614
6bd4c1fad5f0fda81f452b01e61a1a36,4/27/2025,4/28/2025,Super Deluxe Room With Balcony,CP,7077
5a9d8ba7ee6769e3aec572c063da3d29,4/28/2025,4/29/2025,Standard Room Non View,EP,4398
5a9d8ba7ee6769e3aec572c063da3d29,4/28/2025,4/29/2025,Standard Room Non View,CP,4398
5a9d8ba7ee6769e3aec572c063da3d29,4/28/2025,4/29/2025,Standard Room Non View,CP,5861
6bd4c1fad5f0fda81f452b01e61a1a36,4/28/2025,4/29/2025,Super Deluxe Room With Balcony,EP,5614
6bd4c1fad5f0fda81f452b01e61a1a36,4/28/2025,4/29/2025,Super Deluxe Room With Balcony,CP,5614
6bd4c1fad5f0fda81f452b01e61a1a36,4/28/2025,4/29/2025,Super Deluxe Room With Balcony,CP,7077
6bd4c1fad5f0fda81f452b01e61a1a36,4/30/2025,5/1/2025,Super Deluxe Room With Balcony,EP,5614
6bd4c1fad5f0fda81f452b01e61a1a36,4/30/2025,5/1/2025,Super Deluxe Room With Balcony,CP,5614
6bd4c1fad5f0fda81f452b01e61a1a36,4/30/2025,5/1/2025,Super Deluxe Room With Balcony,CP,7077
4e33e91489ad7ad5bfbe9607c9b5eea8,5/1/2025,5/2/2025,Deluxe Room Non View,EP,4398
4e33e91489ad7ad5bfbe9607c9b5eea8,5/1/2025,5/2/2025,Deluxe Room Non View,CP,4398
4e33e91489ad7ad5bfbe9607c9b5eea8,5/1/2025,5/2/2025,Deluxe Room Non View,CP,5861
6bd4c1fad5f0fda81f452b01e61a1a36,5/1/2025,5/2/2025,Super Deluxe Room With Balcony,EP,5614
6bd4c1fad5f0fda81f452b01e61a1a36,5/1/2025,5/2/2025,Super Deluxe Room With Balcony,CP,5614
6bd4c1fad5f0fda81f452b01e61a1a36,5/1/2025,5/2/2025,Super Deluxe Room With Balcony,CP,7077
4e33e91489ad7ad5bfbe9607c9b5eea8,5/2/2025,5/3/2025,Deluxe Room Non View,EP,4398
4e33e91489ad7ad5bfbe9607c9b5eea8,5/2/2025,5/3/2025,Deluxe Room Non View,CP,4398
4e33e91489ad7ad5bfbe9607c9b5eea8,5/2/2025,5/3/2025,Deluxe Room Non View,CP,5861
6bd4c1fad5f0fda81f452b01e61a1a36,5/2/2025,5/3/2025,Super Deluxe Room With Balcony,EP,5614
6bd4c1fad5f0fda81f452b01e61a1a36,5/2/2025,5/3/2025,Super Deluxe Room With Balcony,CP,5614
6bd4c1fad5f0fda81f452b01e61a1a36,5/2/2025,5/3/2025,Super Deluxe Room With Balcony,CP,7077
4e33e91489ad7ad5bfbe9607c9b5eea8,5/3/2025,5/4/2025,Deluxe Room Non View,EP,4398
4e33e91489ad7ad5bfbe9607c9b5eea8,5/3/2025,5/4/2025,Deluxe Room Non View,CP,4398
4e33e91489ad7ad5bfbe9607c9b5eea8,5/3/2025,5/4/2025,Deluxe Room Non View,CP,5861
6bd4c1fad5f0fda81f452b01e61a1a36,5/3/2025,5/4/2025,Super Deluxe Room With Balcony,EP,5614
6bd4c1fad5f0fda81f452b01e61a1a36,5/3/2025,5/4/2025,Super Deluxe Room With Balcony,CP,5614
6bd4c1fad5f0fda81f452b01e61a1a36,5/3/2025,5/4/2025,Super Deluxe Room With Balcony,CP,7077
6bd4c1fad5f0fda81f452b01e61a1a36,5/4/2025,5/5/2025,Super Deluxe Room With Balcony,EP,5614
6bd4c1fad5f0fda81f452b01e61a1a36,5/4/2025,5/5/2025,Super Deluxe Room With Balcony,CP,5614
6bd4c1fad5f0fda81f452b01e61a1a36,5/4/2025,5/5/2025,Super Deluxe Room With Balcony,CP,7077
6bd4c1fad5f0fda81f452b01e61a1a36,5/5/2025,5/6/2025,Super Deluxe Room With Balcony,EP,5614
6bd4c1fad5f0fda81f452b01e61a1a36,5/5/2025,5/6/2025,Super Deluxe Room With Balcony,CP,5614
6bd4c1fad5f0fda81f452b01e61a1a36,5/5/2025,5/6/2025,Super Deluxe Room With Balcony,CP,7077
4e33e91489ad7ad5bfbe9607c9b5eea8,5/6/2025,5/7/2025,Deluxe Room Non View,EP,4398
4e33e91489ad7ad5bfbe9607c9b5eea8,5/6/2025,5/7/2025,Deluxe Room Non View,CP,4398
4e33e91489ad7ad5bfbe9607c9b5eea8,5/6/2025,5/7/2025,Deluxe Room Non View,CP,5861
6bd4c1fad5f0fda81f452b01e61a1a36,5/6/2025,5/7/2025,Super Deluxe Room With Balcony,EP,5614
6bd4c1fad5f0fda81f452b01e61a1a36,5/6/2025,5/7/2025,Super Deluxe Room With Balcony,CP,5614
6bd4c1fad5f0fda81f452b01e61a1a36,5/6/2025,5/7/2025,Super Deluxe Room With Balcony,CP,7077
4e33e91489ad7ad5bfbe9607c9b5eea8,5/7/2025,5/8/2025,Deluxe Room Non View,EP,4398
4e33e91489ad7ad5bfbe9607c9b5eea8,5/7/2025,5/8/2025,Deluxe Room Non View,CP,4398
4e33e91489ad7ad5bfbe9607c9b5eea8,5/7/2025,5/8/2025,Deluxe Room Non View,CP,5861
6bd4c1fad5f0fda81f452b01e61a1a36,5/7/2025,5/8/2025,Super Deluxe Room With Balcony,EP,5614
6bd4c1fad5f0fda81f452b01e61a1a36,5/7/2025,5/8/2025,Super Deluxe Room With Balcony,CP,5614
6bd4c1fad5f0fda81f452b01e61a1a36,5/7/2025,5/8/2025,Super Deluxe Room With Balcony,CP,7077
5a9d8ba7ee6769e3aec572c063da3d29,5/8/2025,5/9/2025,Standard Room Non View,EP,4398
5a9d8ba7ee6769e3aec572c063da3d29,5/8/2025,5/9/2025,Standard Room Non View,CP,4398
5a9d8ba7ee6769e3aec572c063da3d29,5/8/2025,5/9/2025,Standard Room Non View,CP,5861
6bd4c1fad5f0fda81f452b01e61a1a36,5/8/2025,5/9/2025,Super Deluxe Room With Balcony,EP,5614
6bd4c1fad5f0fda81f452b01e61a1a36,5/8/2025,5/9/2025,Super Deluxe Room With Balcony,CP,5614
6bd4c1fad5f0fda81f452b01e61a1a36,5/8/2025,5/9/2025,Super Deluxe Room With Balcony,CP,7077
5a9d8ba7ee6769e3aec572c063da3d29,5/9/2025,5/10/2025,Standard Room Non View,EP,5367
5a9d8ba7ee6769e3aec572c063da3d29,5/9/2025,5/10/2025,Standard Room Non View,CP,5367
5a9d8ba7ee6769e3aec572c063da3d29,5/9/2025,5/10/2025,Standard Room Non View,CP,6830
6bd4c1fad5f0fda81f452b01e61a1a36,5/9/2025,5/10/2025,Super Deluxe Room With Balcony,EP,6593
6bd4c1fad5f0fda81f452b01e61a1a36,5/9/2025,5/10/2025,Super Deluxe Room With Balcony,CP,6593
6bd4c1fad5f0fda81f452b01e61a1a36,5/9/2025,5/10/2025,Super Deluxe Room With Balcony,CP,8056
6bd4c1fad5f0fda81f452b01e61a1a36,5/10/2025,5/11/2025,Super Deluxe Room With Balcony,EP,6593
6bd4c1fad5f0fda81f452b01e61a1a36,5/10/2025,5/11/2025,Super Deluxe Room With Balcony,CP,6593
6bd4c1fad5f0fda81f452b01e61a1a36,5/10/2025,5/11/2025,Super Deluxe Room With Balcony,CP,8056
6bd4c1fad5f0fda81f452b01e61a1a36,5/11/2025,5/12/2025,Super Deluxe Room With Balcony,EP,5614
6bd4c1fad5f0fda81f452b01e61a1a36,5/11/2025,5/12/2025,Super Deluxe Room With Balcony,CP,5614
6bd4c1fad5f0fda81f452b01e61a1a36,5/11/2025,5/12/2025,Super Deluxe Room With Balcony,CP,7077
4e33e91489ad7ad5bfbe9607c9b5eea8,5/12/2025,5/13/2025,Deluxe Room Non View,EP,4398
4e33e91489ad7ad5bfbe9607c9b5eea8,5/12/2025,5/13/2025,Deluxe Room Non View,CP,4398
4e33e91489ad7ad5bfbe9607c9b5eea8,5/12/2025,5/13/2025,Deluxe Room Non View,CP,5861
6bd4c1fad5f0fda81f452b01e61a1a36,5/12/2025,5/13/2025,Super Deluxe Room With Balcony,EP,5614
6bd4c1fad5f0fda81f452b01e61a1a36,5/12/2025,5/13/2025,Super Deluxe Room With Balcony,CP,5614
6bd4c1fad5f0fda81f452b01e61a1a36,5/12/2025,5/13/2025,Super Deluxe Room With Balcony,CP,7077
4e33e91489ad7ad5bfbe9607c9b5eea8,5/13/2025,5/14/2025,Deluxe Room Non View,EP,4398
4e33e91489ad7ad5bfbe9607c9b5eea8,5/13/2025,5/14/2025,Deluxe Room Non View,CP,4398
4e33e91489ad7ad5bfbe9607c9b5eea8,5/13/2025,5/14/2025,Deluxe Room Non View,CP,5861
6bd4c1fad5f0fda81f452b01e61a1a36,5/13/2025,5/14/2025,Super Deluxe Room With Balcony,EP,5614
6bd4c1fad5f0fda81f452b01e61a1a36,5/13/2025,5/14/2025,Super Deluxe Room With Balcony,CP,5614
6bd4c1fad5f0fda81f452b01e61a1a36,5/13/2025,5/14/2025,Super Deluxe Room With Balcony,CP,7077
6bd4c1fad5f0fda81f452b01e61a1a36,5/14/2025,5/15/2025,Super Deluxe Room With Balcony,EP,5614
6bd4c1fad5f0fda81f452b01e61a1a36,5/14/2025,5/15/2025,Super Deluxe Room With Balcony,CP,5614
6bd4c1fad5f0fda81f452b01e61a1a36,5/14/2025,5/15/2025,Super Deluxe Room With Balcony,CP,7077
6bd4c1fad5f0fda81f452b01e61a1a36,5/15/2025,5/16/2025,Super Deluxe Room With Balcony,EP,5614
6bd4c1fad5f0fda81f452b01e61a1a36,5/15/2025,5/16/2025,Super Deluxe Room With Balcony,CP,5614
6bd4c1fad5f0fda81f452b01e61a1a36,5/15/2025,5/16/2025,Super Deluxe Room With Balcony,CP,7077
6bd4c1fad5f0fda81f452b01e61a1a36,5/16/2025,5/17/2025,Super Deluxe Room With Balcony,EP,6593
6bd4c1fad5f0fda81f452b01e61a1a36,5/16/2025,5/17/2025,Super Deluxe Room With Balcony,CP,6593
6bd4c1fad5f0fda81f452b01e61a1a36,5/16/2025,5/17/2025,Super Deluxe Room With Balcony,CP,8056
6bd4c1fad5f0fda81f452b01e61a1a36,5/17/2025,5/18/2025,Super Deluxe Room With Balcony,EP,6593
6bd4c1fad5f0fda81f452b01e61a1a36,5/17/2025,5/18/2025,Super Deluxe Room With Balcony,CP,6593
6bd4c1fad5f0fda81f452b01e61a1a36,5/17/2025,5/18/2025,Super Deluxe Room With Balcony,CP,8056
5a9d8ba7ee6769e3aec572c063da3d29,5/18/2025,5/19/2025,Standard Room Non View,EP,4398
5a9d8ba7ee6769e3aec572c063da3d29,5/18/2025,5/19/2025,Standard Room Non View,CP,4398
5a9d8ba7ee6769e3aec572c063da3d29,5/18/2025,5/19/2025,Standard Room Non View,CP,5861
6bd4c1fad5f0fda81f452b01e61a1a36,5/18/2025,5/19/2025,Super Deluxe Room With Balcony,EP,5614
6bd4c1fad5f0fda81f452b01e61a1a36,5/18/2025,5/19/2025,Super Deluxe Room With Balcony,CP,5614
6bd4c1fad5f0fda81f452b01e61a1a36,5/18/2025,5/19/2025,Super Deluxe Room With Balcony,CP,7077
5a9d8ba7ee6769e3aec572c063da3d29,5/19/2025,5/20/2025,Standard Room Non View,EP,4398
5a9d8ba7ee6769e3aec572c063da3d29,5/19/2025,5/20/2025,Standard Room Non View,CP,4398
5a9d8ba7ee6769e3aec572c063da3d29,5/19/2025,5/20/2025,Standard Room Non View,CP,5861
6bd4c1fad5f0fda81f452b01e61a1a36,5/19/2025,5/20/2025,Super Deluxe Room With Balcony,EP,5614
6bd4c1fad5f0fda81f452b01e61a1a36,5/19/2025,5/20/2025,Super Deluxe Room With Balcony,CP,5614
6bd4c1fad5f0fda81f452b01e61a1a36,5/19/2025,5/20/2025,Super Deluxe Room With Balcony,CP,7077
4e33e91489ad7ad5bfbe9607c9b5eea8,5/22/2025,5/23/2025,Deluxe Room Non View,EP,4398
4e33e91489ad7ad5bfbe9607c9b5eea8,5/22/2025,5/23/2025,Deluxe Room Non View,CP,4398
4e33e91489ad7ad5bfbe9607c9b5eea8,5/22/2025,5/23/2025,Deluxe Room Non View,CP,5861
6bd4c1fad5f0fda81f452b01e61a1a36,5/22/2025,5/23/2025,Super Deluxe Room With Balcony,EP,5614
6bd4c1fad5f0fda81f452b01e61a1a36,5/22/2025,5/23/2025,Super Deluxe Room With Balcony,CP,5614
6bd4c1fad5f0fda81f452b01e61a1a36,5/22/2025,5/23/2025,Super Deluxe Room With Balcony,CP,7077
4e33e91489ad7ad5bfbe9607c9b5eea8,5/23/2025,5/24/2025,Deluxe Room Non View,EP,5367
4e33e91489ad7ad5bfbe9607c9b5eea8,5/23/2025,5/24/2025,Deluxe Room Non View,CP,5367
4e33e91489ad7ad5bfbe9607c9b5eea8,5/23/2025,5/24/2025,Deluxe Room Non View,CP,6830
6bd4c1fad5f0fda81f452b01e61a1a36,5/23/2025,5/24/2025,Super Deluxe Room With Balcony,EP,6593
6bd4c1fad5f0fda81f452b01e61a1a36,5/23/2025,5/24/2025,Super Deluxe Room With Balcony,CP,6593
6bd4c1fad5f0fda81f452b01e61a1a36,5/23/2025,5/24/2025,Super Deluxe Room With Balcony,CP,8056
6bd4c1fad5f0fda81f452b01e61a1a36,5/24/2025,5/25/2025,Super Deluxe Room With Balcony,EP,6593
6bd4c1fad5f0fda81f452b01e61a1a36,5/24/2025,5/25/2025,Super Deluxe Room With Balcony,CP,6593
6bd4c1fad5f0fda81f452b01e61a1a36,5/24/2025,5/25/2025,Super Deluxe Room With Balcony,CP,8056
5a9d8ba7ee6769e3aec572c063da3d29,5/29/2025,5/30/2025,Standard Room Non View,EP,4398
5a9d8ba7ee6769e3aec572c063da3d29,5/29/2025,5/30/2025,Standard Room Non View,CP,4398
5a9d8ba7ee6769e3aec572c063da3d29,5/29/2025,5/30/2025,Standard Room Non View,CP,5861
6bd4c1fad5f0fda81f452b01e61a1a36,5/29/2025,5/30/2025,Super Deluxe Room With Balcony,EP,5614
6bd4c1fad5f0fda81f452b01e61a1a36,5/29/2025,5/30/2025,Super Deluxe Room With Balcony,CP,5614
6bd4c1fad5f0fda81f452b01e61a1a36,5/29/2025,5/30/2025,Super Deluxe Room With Balcony,CP,7077
5a9d8ba7ee6769e3aec572c063da3d29,5/30/2025,5/31/2025,Standard Room Non View,EP,5367
5a9d8ba7ee6769e3aec572c063da3d29,5/30/2025,5/31/2025,Standard Room Non View,CP,5367
5a9d8ba7ee6769e3aec572c063da3d29,5/30/2025,5/31/2025,Standard Room Non View,CP,6830
6bd4c1fad5f0fda81f452b01e61a1a36,5/30/2025,5/31/2025,Super Deluxe Room With Balcony,EP,6593
6bd4c1fad5f0fda81f452b01e61a1a36,5/30/2025,5/31/2025,Super Deluxe Room With Balcony,CP,6593
6bd4c1fad5f0fda81f452b01e61a1a36,5/30/2025,5/31/2025,Super Deluxe Room With Balcony,CP,8056
4e33e91489ad7ad5bfbe9607c9b5eea8,6/8/2025,6/9/2025,Deluxe Room Non View,EP,5367
4e33e91489ad7ad5bfbe9607c9b5eea8,6/8/2025,6/9/2025,Deluxe Room Non View,CP,5367
4e33e91489ad7ad5bfbe9607c9b5eea8,6/8/2025,6/9/2025,Deluxe Room Non View,CP,6830
6bd4c1fad5f0fda81f452b01e61a1a36,6/9/2025,6/10/2025,Super Deluxe Room With Balcony,EP,6593
6bd4c1fad5f0fda81f452b01e61a1a36,6/9/2025,6/10/2025,Super Deluxe Room With Balcony,CP,6593
6bd4c1fad5f0fda81f452b01e61a1a36,6/9/2025,6/10/2025,Super Deluxe Room With Balcony,CP,8056
6bd4c1fad5f0fda81f452b01e61a1a36,6/10/2025,6/11/2025,Super Deluxe Room With Balcony,EP,6593
6bd4c1fad5f0fda81f452b01e61a1a36,6/10/2025,6/11/2025,Super Deluxe Room With Balcony,CP,6593
6bd4c1fad5f0fda81f452b01e61a1a36,6/10/2025,6/11/2025,Super Deluxe Room With Balcony,CP,8056
6bd4c1fad5f0fda81f452b01e61a1a36,6/11/2025,6/12/2025,Super Deluxe Room With Balcony,EP,6593
6bd4c1fad5f0fda81f452b01e61a1a36,6/11/2025,6/12/2025,Super Deluxe Room With Balcony,CP,6593
6bd4c1fad5f0fda81f452b01e61a1a36,6/11/2025,6/12/2025,Super Deluxe Room With Balcony,CP,8056
